City,News,Label
Hyderabad,Hyderabad metro: It promises to transform life in the City of Nizams,1
Hyderabad,"City, interrupted: Rains disable Bengaluru, Hyderabad, Mumbai â€¦",-1
Hyderabad,Has Nagpur emerged as BJPâ€™s favourite commercial destination ahead of Bengaluru and Hyderabad?,0
Hyderabad,Managing institutions: The death of Rohith Vemula raises questions about the stateâ€™s role in Indiaâ€™s academia,-1
Hyderabad,"Intolerance claims yet another victim, this time at Hyderabad University",-1
Hyderabad,"Zaiqa, Hyderabadi Ramzan ka!",1
Hyderabad,Hyderabad Bruise: Time for Centre to play peacemaker in tiff of two CMs,1
Hyderabad,All the worldâ€™s a stage,0
Hyderabad,Alleged burning to death of a boy inside army garrison is barbaric,-1
Hyderabad,When Sichuan met Talisker,1
Hyderabad,An afternoon in Tuscany,0
Hyderabad,KCR goes the way of North Koreaâ€™s Kim Jong-un,-1
Hyderabad,Of autumn afternoons and mooncakes,1
Hyderabad,Telanganaâ€™s dubious survey should not be the basis of the politics of exclusion,-1
Hyderabad,Discipline Telangana BJP MLA who described Sania Mirza as Pakistanâ€™s daughter-in-law,-1
Hyderabad,"Chalo saheb, jamva chalo ji!",1
Delhi,Seeing only red: Red Fort is Indiaâ€™s pride. Why complain if it gets a makeover befitting its medieval splendour?,0
Delhi,"Christians observe Good Friday with prayers, reconciliation",1
Delhi,Literature of Independence â€“ and the unhappiness index,-1
Delhi,"Hadiya, Shifah, Sadiya, Ankit Saxena â€¦ love in the time of hatred",-1
Delhi,Sheila Dikshitâ€™s childhood: A fairytale Dilli,1
Delhi,Civic sense: Delhiâ€™s sealing drive is a flawed solution to a problem dogging Indian cities,-1
Delhi,Enough of shyness with Israel,1
Delhi,What price Kolkata? One of the many joys of the â€˜City of Joyâ€™ are its low costs,1
Delhi,Year of the number,0
Delhi,Gujarat votes PM for â€˜CMâ€™,0
Delhi,"BJP wins Gujarat, Rahul sheds loser tag",0
Delhi,"Red herring: Instead of targeting private hospitals, Delhi government should improve public healthcare",1
Delhi,"Rethink Healthcare: Government hospitals must provide quality, affordable medicine",1
Delhi,Healthcare: How private is private?,0
Delhi,"A new class warâ€™s eating into India, and it goes beyond Lutyensâ€™ Delhi",1
Delhi,TIFLI 2017: A celebration of childhood through theatre,1
Delhi,Say sorry: Sri Lankan cricketers get tested by Delhiâ€™s toxic air,-1
Delhi,Hike in metro fares will add to pollution woes in Delhi,-1
Delhi,Water sprinkling exercise carried out in Delhi to reduce dust pollution,1
Delhi,Delhi is suffocating: How to stay safe,1
Mumbai,Maharashtra shows the way on how to tackle tuberculosis â€“ including a daily drug regimen and cash transfers,1
Mumbai,"Deep inside Aarey, these mud huts are still a world removed from the concrete jungle",0
Mumbai,â€˜If my words hurt sentiments of non-Hindus I cannot help it â€¦ my speeches meant to teach values of onenessâ€™,-1
Mumbai,Bhima Koregaon violence: two wrongs donâ€™t make a right,-1
Mumbai,Battle lines of Bhima Koregaon: In tune with the new normal of Indian nationalism that has an injured sense of history at its heart,-1
Mumbai,"Bajaj, Bollywood, and Mumbaiâ€™s favourite beach: the story of Juhuâ€™s Janki Kutir",1
Mumbai,"Gita for success, happiness & fulfilment",1
Mumbai,"One wish for 2018: Oh Lord, please let us take some basic rights for granted",-1
Mumbai,Embattled histories: Koregaon Bhima clashes underline Dalit socio-political consolidation,-1
Mumbai,Kamala Mills fire: Tragedy of preventable disasters that kill,-1
Mumbai,Fix fire safety: Kamala Mills nightmare is waiting to happen in Indian city after city,-1
Mumbai,This Mumbai chawl hosted rallies by Gandhi and Jinnahâ€”and spawned a pickle empire,1
Mumbai,Fall of Mumbai Art Deco building reflects vanishing era of garden suburb,-1
Mumbai,"Bird song, church bells, and Meena Kumari: where old Pali Hill lingers on",1
Mumbai,How a community housing complex helped Banjaras find a home in Mumbai,1
Mumbai,"Scientist, scamster, ladies bar, school: This 120-year-old building has seen it all",1
Mumbai,"City, interrupted: Rains disable Bengaluru, Hyderabad, Mumbai â€¦",-1
Mumbai,Elphinstone station tragedy: Letâ€™s stop being tolerant of sub-optimal lives and broken city-systems,-1
Mumbai,No more excuses: Mumbai stampede should have been averted,-1
Mumbai,Shiv Sena should worry why Mumbai appears worse than Gorakhpur in child mortality rates,-1
Chennai,2G verdict adds more spice to RK Nagar bypoll,0
Chennai,First they pirated Mersal,0
Chennai,Will Tamil star Vijayâ€™s â€˜Mersalâ€™ create a Peepli Live moment against BJP?,0
Chennai,"Truth about urban flooding: Cities like Mumbai get inundated regularly due to administrative apathy, not climate change",-1
Chennai,EPS topples OPS: Swearing in EK Palaniswami as Tamil Nadu CM is unlikely to end uncertainty,0
Chennai,Chennai oil spill: Not such a â€˜minor incidentâ€™ after all,-1
Chennai,Leadership failure: Peaceful movement for jallikattu didnâ€™t have to erupt in bloody clashes after achieving goal,-1
Chennai,"Misplaced activism: Ban on jallikattu is neither desirable nor enforceable, it must go",0
Chennai,Sasikala roadblocks Sasikala?,-1
Chennai,Donâ€™t eulogise Amma for her freebie politics,1
Chennai,Jayalalitha: A towering force for Tamil Naduâ€™s people,1
Chennai,Madras High Courtâ€™s brave judgment on creative freedom: Why not extend its remit to all banned books?,1
Chennai,#DesiGirlsRock: Jaya & Didi in control. Is Maya next?,0
Chennai,"Amma beats exit polls, now letâ€™s all pray for her health",1
Chennai,The Great Chennai Year-End Awards go toâ€¦,1
Chennai,"Next to music, beer is the best",0
Chennai,Return of the patriarch,1
Chennai,J. Krishnamurti: A Star In The Eastâ€”Part I,1
Chennai,Wish you a resilient new year,1
Chennai,How the split in Tamil Nadu will help Congress,0
